time, co2(ppm), temperature(Â°C), rel_humidity(percent)
2023-09-08 15:51:22, 573, 27.87, 62.23
2023-09-08 15:51:27, 554, 27.46, 63.37
2023-09-08 15:51:32, 535, 27.18, 64.34
2023-09-08 15:51:37, 541, 26.91, 65.32
2023-09-08 15:51:42, 548, 26.70, 66.15
2023-09-08 15:51:47, 543, 26.47, 66.98
2023-09-08 15:51:52, 542, 26.27, 67.73
2023-09-08 15:51:57, 541, 26.06, 68.39
2023-09-08 15:52:02, 543, 25.89, 69.09
2023-09-08 15:52:07, 543, 25.72, 69.71
2023-09-08 15:52:12, 543, 25.59, 70.32
2023-09-08 15:52:17, 545, 25.44, 70.84
2023-09-08 15:52:22, 545, 25.31, 71.41
2023-09-08 15:52:27, 545, 25.18, 71.88
2023-09-08 15:52:32, 545, 25.10, 72.33
2023-09-08 15:52:37, 547, 24.97, 72.74
2023-09-08 15:52:42, 547, 24.87, 73.10
2023-09-08 15:52:47, 548, 24.79, 73.44
2023-09-08 15:52:52, 549, 24.64, 74.04
2023-09-08 15:52:57, 553, 24.56, 74.30
2023-09-08 15:53:02, 553, 24.52, 74.55
2023-09-08 15:53:07, 553, 24.45, 74.82
2023-09-08 15:53:12, 554, 24.38, 75.07
2023-09-08 15:53:17, 554, 24.32, 75.20
2023-09-08 15:53:22, 555, 24.28, 75.44
2023-09-08 15:53:27, 555, 24.25, 75.61
2023-09-08 15:53:32, 558, 24.20, 75.83
2023-09-08 15:53:37, 558, 24.13, 75.96
2023-09-08 15:53:42, 558, 24.12, 76.15
2023-09-08 15:53:47, 558, 24.07, 76.35
2023-09-08 15:53:52, 559, 24.07, 76.43
2023-09-08 15:53:57, 559, 24.02, 76.53
2023-09-08 15:54:02, 560, 23.98, 76.66
2023-09-08 15:54:07, 560, 23.95, 76.77
2023-09-08 15:54:12, 561, 23.94, 76.83
2023-09-08 15:54:17, 562, 23.92, 76.91
2023-09-08 15:54:22, 564, 23.89, 77.02
2023-09-08 15:54:27, 568, 23.87, 77.22
2023-09-08 15:54:32, 568, 23.84, 77.28
2023-09-08 15:54:37, 567, 23.81, 77.39
2023-09-08 15:54:42, 567, 23.81, 77.43
2023-09-08 15:54:47, 568, 23.78, 77.50
2023-09-08 15:54:52, 568, 23.77, 77.55
2023-09-08 15:54:57, 569, 23.79, 77.63
2023-09-08 15:55:02, 570, 23.76, 77.67
2023-09-08 15:55:07, 570, 23.74, 77.68
2023-09-08 15:55:12, 570, 23.73, 77.74
2023-09-08 15:55:17, 570, 23.73, 77.76
2023-09-08 15:55:22, 569, 23.71, 77.85
2023-09-08 15:55:27, 569, 23.70, 77.85
2023-09-08 15:55:32, 569, 23.71, 77.89
2023-09-08 15:55:37, 569, 23.71, 77.93
2023-09-08 15:55:42, 569, 23.69, 77.97
2023-09-08 15:55:47, 569, 23.69, 78.01
2023-09-08 15:55:52, 570, 23.66, 78.02
2023-09-08 15:55:57, 571, 23.66, 78.04
2023-09-08 15:56:02, 570, 23.66, 78.09
2023-09-08 15:56:07, 570, 23.64, 78.09
2023-09-08 15:56:12, 570, 23.66, 78.13
2023-09-08 15:56:17, 570, 23.62, 78.15
2023-09-08 15:56:22, 571, 23.61, 78.21
2023-09-08 15:56:27, 571, 23.62, 78.23
2023-09-08 15:56:32, 570, 23.62, 78.27
2023-09-08 15:56:37, 571, 23.62, 78.32
2023-09-08 15:56:42, 571, 23.59, 78.32
2023-09-08 15:56:47, 572, 23.59, 78.35
2023-09-08 15:56:52, 572, 23.60, 78.42
2023-09-08 15:56:57, 572, 23.60, 78.43
2023-09-08 15:57:02, 572, 23.57, 78.47
2023-09-08 15:57:07, 572, 23.60, 78.55
2023-09-08 15:57:12, 572, 23.58, 78.55
2023-09-08 15:57:17, 571, 23.57, 78.59
2023-09-08 15:57:22, 571, 23.59, 78.63
2023-09-08 15:57:27, 571, 23.58, 78.67
2023-09-08 15:57:32, 571, 23.57, 78.71
2023-09-08 15:57:37, 572, 23.56, 78.74
2023-09-08 15:57:42, 574, 23.56, 78.78
2023-09-08 15:57:47, 575, 23.55, 78.81
2023-09-08 15:57:52, 575, 23.56, 78.87
2023-09-08 15:57:57, 575, 23.55, 78.89
2023-09-08 15:58:02, 576, 23.56, 78.90
2023-09-08 15:58:07, 576, 23.55, 78.95
2023-09-08 15:58:12, 576, 23.57, 78.95
2023-09-08 15:58:17, 576, 23.57, 78.99
2023-09-08 15:58:22, 576, 23.54, 78.99
2023-09-08 15:58:27, 576, 23.52, 79.04
2023-09-08 15:58:32, 576, 23.54, 79.01
2023-09-08 15:58:37, 577, 23.54, 79.07
2023-09-08 15:58:42, 577, 23.52, 79.09
2023-09-08 15:58:47, 577, 23.54, 79.11
2023-09-08 15:58:52, 578, 23.54, 79.12
2023-09-08 15:58:57, 578, 23.53, 79.10
2023-09-08 15:59:02, 579, 23.55, 79.13
2023-09-08 15:59:07, 578, 23.51, 79.11
2023-09-08 15:59:12, 579, 23.53, 79.13
2023-09-08 15:59:17, 579, 23.53, 79.20
2023-09-08 15:59:22, 580, 23.52, 79.21
2023-09-08 15:59:27, 579, 23.52, 79.21
2023-09-08 15:59:32, 580, 23.52, 79.25
2023-09-08 15:59:37, 581, 23.54, 79.28
2023-09-08 15:59:42, 581, 23.51, 79.24
2023-09-08 15:59:47, 582, 23.53, 79.26
2023-09-08 15:59:52, 582, 23.51, 79.23
2023-09-08 15:59:57, 582, 23.51, 79.27
2023-09-08 16:00:02, 582, 23.52, 79.30
2023-09-08 16:00:07, 583, 23.50, 79.29
2023-09-08 16:00:12, 583, 23.52, 79.30
2023-09-08 16:00:17, 583, 23.50, 79.30
2023-09-08 16:00:22, 584, 23.50, 79.31
2023-09-08 16:00:27, 584, 23.51, 79.34
2023-09-08 16:00:32, 584, 23.52, 79.35
2023-09-08 16:00:37, 585, 23.49, 79.34
2023-09-08 16:00:42, 585, 23.49, 79.30
2023-09-08 16:00:47, 585, 23.49, 79.34
2023-09-08 16:00:52, 585, 23.50, 79.35
2023-09-08 16:00:57, 584, 23.51, 79.41
2023-09-08 16:01:02, 584, 23.48, 79.37
2023-09-08 16:01:07, 584, 23.50, 79.39
2023-09-08 16:01:12, 585, 23.50, 79.42
2023-09-08 16:01:17, 584, 23.47, 79.41
2023-09-08 16:01:22, 584, 23.49, 79.40
2023-09-08 16:01:27, 584, 23.50, 79.39
2023-09-08 16:01:32, 583, 23.49, 79.40
2023-09-08 16:01:37, 584, 23.49, 79.44
2023-09-08 16:01:42, 584, 23.48, 79.42
2023-09-08 16:01:47, 586, 23.47, 79.45
2023-09-08 16:01:52, 585, 23.48, 79.47
2023-09-08 16:01:57, 585, 23.47, 79.49
2023-09-08 16:02:02, 585, 23.47, 79.45
2023-09-08 16:02:07, 585, 23.48, 79.50
2023-09-08 16:02:12, 586, 23.49, 79.48
2023-09-08 16:02:17, 585, 23.47, 79.50
2023-09-08 16:02:22, 586, 23.48, 79.48
2023-09-08 16:02:27, 585, 23.48, 79.52
2023-09-08 16:02:32, 585, 23.47, 79.49
2023-09-08 16:02:37, 586, 23.48, 79.53
2023-09-08 16:02:42, 587, 23.48, 79.53
2023-09-08 16:02:47, 586, 23.48, 79.57
2023-09-08 16:02:52, 587, 23.46, 79.53
2023-09-08 16:02:57, 587, 23.45, 79.56
2023-09-08 16:03:02, 588, 23.46, 79.58
2023-09-08 16:03:07, 590, 23.45, 79.58
2023-09-08 16:03:12, 590, 23.46, 79.58
2023-09-08 16:03:17, 591, 23.47, 79.64
2023-09-08 16:03:22, 592, 23.45, 79.59
2023-09-08 16:03:27, 592, 23.46, 79.61
2023-09-08 16:03:32, 592, 23.46, 79.58
2023-09-08 16:03:37, 592, 23.47, 79.60
2023-09-08 16:03:42, 593, 23.46, 79.61
2023-09-08 16:03:47, 593, 23.47, 79.63
2023-09-08 16:03:52, 593, 23.46, 79.62
2023-09-08 16:03:57, 594, 23.44, 79.66
2023-09-08 16:04:02, 594, 23.47, 79.69
2023-09-08 16:04:07, 598, 23.46, 79.64
2023-09-08 16:04:12, 599, 23.46, 79.70
2023-09-08 16:04:17, 600, 23.45, 79.67
2023-09-08 16:04:22, 601, 23.45, 79.70
2023-09-08 16:04:27, 600, 23.44, 79.66
2023-09-08 16:04:32, 601, 23.46, 79.67
2023-09-08 16:04:37, 601, 23.44, 79.71
2023-09-08 16:04:42, 601, 23.45, 79.73
2023-09-08 16:04:47, 602, 23.44, 79.73
2023-09-08 16:04:52, 602, 23.46, 79.75
2023-09-08 16:04:57, 602, 23.45, 79.74
2023-09-08 16:05:02, 603, 23.43, 79.72
2023-09-08 16:05:07, 603, 23.44, 79.71
2023-09-08 16:05:12, 603, 23.43, 79.76
2023-09-08 16:05:17, 603, 23.46, 79.82
2023-09-08 16:05:22, 603, 23.44, 79.79
2023-09-08 16:05:27, 603, 23.43, 79.75
2023-09-08 16:05:32, 603, 23.43, 79.75
2023-09-08 16:05:37, 604, 23.44, 79.78
2023-09-08 16:05:42, 604, 23.44, 79.77
2023-09-08 16:05:47, 604, 23.44, 79.80
2023-09-08 16:05:52, 604, 23.46, 79.79
2023-09-08 16:05:57, 605, 23.45, 79.80
2023-09-08 16:06:02, 606, 23.45, 79.78
2023-09-08 16:06:07, 605, 23.45, 79.80
2023-09-08 16:06:12, 605, 23.44, 79.83
2023-09-08 16:06:17, 605, 23.41, 79.80
2023-09-08 16:06:22, 605, 23.42, 79.81
2023-09-08 16:06:27, 606, 23.43, 79.78
2023-09-08 16:06:32, 606, 23.42, 79.81
2023-09-08 16:06:37, 607, 23.42, 79.79
2023-09-08 16:06:42, 607, 23.42, 79.79
2023-09-08 16:06:47, 607, 23.43, 79.86
2023-09-08 16:06:52, 607, 23.46, 79.84
2023-09-08 16:06:57, 608, 23.43, 79.81
2023-09-08 16:07:02, 609, 23.42, 79.84
2023-09-08 16:07:07, 611, 23.43, 79.88
2023-09-08 16:07:12, 611, 23.43, 79.86
2023-09-08 16:07:17, 611, 23.43, 79.87
2023-09-08 16:07:22, 612, 23.41, 79.87
2023-09-08 16:07:27, 612, 23.42, 79.89
2023-09-08 16:07:32, 612, 23.42, 79.88
2023-09-08 16:07:37, 612, 23.43, 79.85
2023-09-08 16:07:42, 612, 23.41, 79.87
2023-09-08 16:07:47, 613, 23.43, 79.90
2023-09-08 16:07:52, 613, 23.43, 79.86
2023-09-08 16:07:57, 614, 23.41, 79.88
2023-09-08 16:08:02, 614, 23.43, 79.90
2023-09-08 16:08:07, 614, 23.40, 79.89
2023-09-08 16:08:12, 614, 23.42, 79.87
2023-09-08 16:08:17, 615, 23.40, 79.92
2023-09-08 16:08:22, 615, 23.44, 79.90
2023-09-08 16:08:27, 615, 23.43, 79.91
2023-09-08 16:08:32, 616, 23.42, 79.89
2023-09-08 16:08:37, 615, 23.41, 79.90
2023-09-08 16:08:42, 615, 23.41, 79.93
2023-09-08 16:08:47, 615, 23.40, 79.90
2023-09-08 16:08:52, 615, 23.41, 79.96
2023-09-08 16:08:57, 615, 23.39, 79.90
2023-09-08 16:09:02, 615, 23.39, 79.91
2023-09-08 16:09:07, 615, 23.38, 79.94
2023-09-08 16:09:12, 616, 23.40, 79.95
2023-09-08 16:09:17, 616, 23.41, 79.95
2023-09-08 16:09:22, 616, 23.42, 79.99
2023-09-08 16:09:27, 617, 23.40, 79.95
2023-09-08 16:09:32, 618, 23.41, 79.95
2023-09-08 16:09:37, 619, 23.39, 79.97
2023-09-08 16:09:42, 621, 23.40, 79.97
2023-09-08 16:09:47, 622, 23.41, 79.95
2023-09-08 16:09:52, 622, 23.39, 79.95
2023-09-08 16:09:57, 622, 23.39, 79.95
2023-09-08 16:10:02, 623, 23.40, 79.97
2023-09-08 16:10:07, 623, 23.41, 80.00
2023-09-08 16:10:12, 622, 23.40, 79.98
2023-09-08 16:10:17, 622, 23.40, 79.95
2023-09-08 16:10:22, 622, 23.39, 80.00
2023-09-08 16:10:27, 622, 23.38, 80.03
2023-09-08 16:10:32, 622, 23.39, 80.08
2023-09-08 16:10:37, 622, 23.41, 80.01
2023-09-08 16:10:42, 622, 23.40, 80.04
2023-09-08 16:10:47, 623, 23.39, 80.01
2023-09-08 16:10:52, 623, 23.40, 80.02
2023-09-08 16:10:57, 626, 23.40, 80.00
2023-09-08 16:11:02, 625, 23.38, 80.01
2023-09-08 16:11:07, 625, 23.37, 79.99
2023-09-08 16:11:12, 626, 23.39, 80.06
2023-09-08 16:11:17, 627, 23.39, 80.05
2023-09-08 16:11:22, 627, 23.40, 80.05
2023-09-08 16:11:27, 627, 23.39, 80.04
2023-09-08 16:11:32, 627, 23.39, 80.02
2023-09-08 16:11:37, 628, 23.37, 80.06
2023-09-08 16:11:42, 628, 23.38, 80.06
2023-09-08 16:11:47, 629, 23.39, 80.04
2023-09-08 16:11:52, 629, 23.41, 80.07
2023-09-08 16:11:57, 629, 23.38, 80.07
2023-09-08 16:12:02, 632, 23.39, 80.11
2023-09-08 16:12:07, 632, 23.38, 80.06
2023-09-08 16:12:12, 633, 23.39, 80.08
2023-09-08 16:12:17, 633, 23.38, 80.11
2023-09-08 16:12:22, 633, 23.37, 80.07
2023-09-08 16:12:27, 633, 23.38, 80.12
2023-09-08 16:12:33, 633, 23.39, 80.08
2023-09-08 16:12:38, 634, 23.37, 80.13
2023-09-08 16:12:43, 634, 23.39, 80.13
2023-09-08 16:12:48, 635, 23.37, 80.12
2023-09-08 16:12:53, 635, 23.39, 80.11
2023-09-08 16:12:58, 636, 23.39, 80.12
2023-09-08 16:13:03, 635, 23.38, 80.08
2023-09-08 16:13:08, 635, 23.37, 80.11
2023-09-08 16:13:13, 635, 23.37, 80.10
2023-09-08 16:13:18, 636, 23.36, 80.07
2023-09-08 16:13:23, 636, 23.37, 80.13
2023-09-08 16:13:28, 637, 23.39, 80.13
2023-09-08 16:13:33, 637, 23.36, 80.12
2023-09-08 16:13:38, 637, 23.37, 80.15
2023-09-08 16:13:43, 637, 23.39, 80.18
2023-09-08 16:13:48, 638, 23.37, 80.16
2023-09-08 16:13:53, 639, 23.39, 80.19
2023-09-08 16:13:58, 638, 23.38, 80.17
2023-09-08 16:14:03, 639, 23.36, 80.17
2023-09-08 16:14:08, 641, 23.36, 80.16
2023-09-08 16:14:13, 643, 23.38, 80.18
2023-09-08 16:14:18, 644, 23.36, 80.16
2023-09-08 16:14:23, 644, 23.39, 80.20
2023-09-08 16:14:28, 645, 23.36, 80.14
2023-09-08 16:14:33, 644, 23.36, 80.14
2023-09-08 16:14:38, 645, 23.38, 80.15
2023-09-08 16:14:43, 645, 23.39, 80.17
2023-09-08 16:14:48, 645, 23.38, 80.21
2023-09-08 16:14:53, 645, 23.38, 80.19
2023-09-08 16:14:58, 646, 23.37, 80.17
2023-09-08 16:15:03, 646, 23.38, 80.18
2023-09-08 16:15:08, 647, 23.38, 80.19
2023-09-08 16:15:13, 647, 23.35, 80.20
2023-09-08 16:15:18, 645, 23.37, 80.18
2023-09-08 16:15:23, 647, 23.36, 80.20
2023-09-08 16:15:28, 647, 23.36, 80.17
2023-09-08 16:15:33, 649, 23.37, 80.25
2023-09-08 16:15:38, 649, 23.37, 80.17
2023-09-08 16:15:43, 650, 23.36, 80.19
2023-09-08 16:15:48, 651, 23.35, 80.20
2023-09-08 16:15:53, 652, 23.37, 80.20
2023-09-08 16:15:58, 655, 23.37, 80.21
2023-09-08 16:16:03, 655, 23.36, 80.23
2023-09-08 16:16:08, 655, 23.35, 80.24
2023-09-08 16:16:13, 655, 23.35, 80.20
2023-09-08 16:16:18, 655, 23.35, 80.22
2023-09-08 16:16:23, 654, 23.36, 80.23
2023-09-08 16:16:28, 655, 23.37, 80.20
2023-09-08 16:16:33, 655, 23.36, 80.19
2023-09-08 16:16:38, 655, 23.34, 80.23
2023-09-08 16:16:43, 655, 23.35, 80.23
2023-09-08 16:16:48, 656, 23.36, 80.23
2023-09-08 16:16:53, 657, 23.37, 80.25
2023-09-08 16:16:58, 659, 23.36, 80.23
2023-09-08 16:17:03, 660, 23.38, 80.25
2023-09-08 16:17:08, 663, 23.36, 80.22
2023-09-08 16:17:13, 663, 23.36, 80.25
2023-09-08 16:17:18, 664, 23.35, 80.24
2023-09-08 16:17:23, 664, 23.36, 80.25
2023-09-08 16:17:28, 664, 23.35, 80.24
2023-09-08 16:17:33, 663, 23.36, 80.26
2023-09-08 16:17:38, 664, 23.36, 80.24
2023-09-08 16:17:43, 664, 23.37, 80.23
2023-09-08 16:17:48, 665, 23.36, 80.29
2023-09-08 16:17:53, 665, 23.37, 80.25
2023-09-08 16:17:58, 665, 23.34, 80.27
2023-09-08 16:18:03, 664, 23.37, 80.24
2023-09-08 16:18:08, 664, 23.34, 80.25
2023-09-08 16:18:13, 667, 23.35, 80.26
2023-09-08 16:18:18, 666, 23.36, 80.26
2023-09-08 16:18:23, 666, 23.35, 80.26
2023-09-08 16:18:28, 667, 23.36, 80.30
2023-09-08 16:18:33, 667, 23.37, 80.29
2023-09-08 16:18:38, 669, 23.35, 80.31
2023-09-08 16:18:43, 669, 23.35, 80.29
2023-09-08 16:18:48, 670, 23.34, 80.28
2023-09-08 16:18:53, 670, 23.36, 80.31
2023-09-08 16:18:58, 669, 23.34, 80.30
2023-09-08 16:19:03, 669, 23.34, 80.29
2023-09-08 16:19:08, 668, 23.32, 80.27
2023-09-08 16:19:13, 669, 23.35, 80.30
2023-09-08 16:19:18, 669, 23.35, 80.32
2023-09-08 16:19:23, 669, 23.34, 80.32
2023-09-08 16:19:28, 669, 23.36, 80.30
2023-09-08 16:19:33, 668, 23.35, 80.32
2023-09-08 16:19:38, 669, 23.36, 80.35
2023-09-08 16:19:43, 669, 23.33, 80.27
2023-09-08 16:19:48, 669, 23.36, 80.32
2023-09-08 16:19:53, 669, 23.32, 80.30
2023-09-08 16:19:58, 668, 23.35, 80.31
2023-09-08 16:20:03, 668, 23.34, 80.33
2023-09-08 16:20:08, 669, 23.34, 80.29
2023-09-08 16:20:13, 670, 23.35, 80.33
2023-09-08 16:20:18, 671, 23.33, 80.30
2023-09-08 16:20:23, 670, 23.35, 80.37
2023-09-08 16:20:28, 671, 23.34, 80.32
2023-09-08 16:20:33, 670, 23.35, 80.36
2023-09-08 16:20:38, 670, 23.33, 80.33
2023-09-08 16:20:43, 671, 23.34, 80.36
2023-09-08 16:20:48, 672, 23.35, 80.38
2023-09-08 16:20:53, 672, 23.34, 80.33
2023-09-08 16:20:58, 673, 23.34, 80.34
2023-09-08 16:21:03, 672, 23.33, 80.35
2023-09-08 16:21:08, 673, 23.34, 80.36
2023-09-08 16:21:13, 673, 23.33, 80.37
2023-09-08 16:21:18, 674, 23.33, 80.36
2023-09-08 16:21:23, 674, 23.35, 80.38
2023-09-08 16:21:28, 674, 23.34, 80.38
2023-09-08 16:21:33, 674, 23.35, 80.36
2023-09-08 16:21:38, 674, 23.34, 80.35
2023-09-08 16:21:43, 675, 23.32, 80.34
2023-09-08 16:21:48, 676, 23.35, 80.37
2023-09-08 16:21:53, 676, 23.32, 80.38
2023-09-08 16:21:58, 677, 23.35, 80.39
2023-09-08 16:22:03, 677, 23.32, 80.37
2023-09-08 16:22:08, 678, 23.33, 80.39
2023-09-08 16:22:13, 678, 23.35, 80.39
2023-09-08 16:22:18, 679, 23.34, 80.38
2023-09-08 16:22:23, 679, 23.31, 80.36
2023-09-08 16:22:28, 679, 23.31, 80.37
2023-09-08 16:22:33, 680, 23.36, 80.38
2023-09-08 16:22:38, 679, 23.34, 80.39
2023-09-08 16:22:43, 680, 23.32, 80.40
2023-09-08 16:22:48, 680, 23.32, 80.39
2023-09-08 16:22:53, 679, 23.34, 80.39
2023-09-08 16:22:58, 680, 23.34, 80.43
2023-09-08 16:23:03, 680, 23.34, 80.42
2023-09-08 16:23:08, 681, 23.33, 80.40
2023-09-08 16:23:13, 681, 23.34, 80.40
2023-09-08 16:23:18, 681, 23.33, 80.40
2023-09-08 16:23:23, 683, 23.32, 80.40
2023-09-08 16:23:28, 683, 23.35, 80.42
2023-09-08 16:23:33, 683, 23.36, 80.44
2023-09-08 16:23:38, 683, 23.34, 80.42
2023-09-08 16:23:43, 683, 23.33, 80.41
2023-09-08 16:23:48, 683, 23.33, 80.43
2023-09-08 16:23:53, 683, 23.31, 80.42
2023-09-08 16:23:58, 683, 23.33, 80.44
2023-09-08 16:24:03, 684, 23.31, 80.42
2023-09-08 16:24:08, 684, 23.33, 80.45
2023-09-08 16:24:13, 685, 23.35, 80.44
2023-09-08 16:24:18, 685, 23.32, 80.43
2023-09-08 16:24:23, 687, 23.32, 80.47
2023-09-08 16:24:28, 687, 23.34, 80.43
2023-09-08 16:24:33, 687, 23.36, 80.45
2023-09-08 16:24:38, 687, 23.32, 80.43
2023-09-08 16:24:43, 687, 23.34, 80.46
2023-09-08 16:24:48, 688, 23.33, 80.45
2023-09-08 16:24:53, 689, 23.34, 80.44
2023-09-08 16:24:58, 689, 23.36, 80.46
2023-09-08 16:25:03, 690, 23.32, 80.49
2023-09-08 16:25:08, 690, 23.32, 80.47
2023-09-08 16:25:13, 691, 23.32, 80.49
2023-09-08 16:25:18, 691, 23.33, 80.50
2023-09-08 16:25:23, 691, 23.35, 80.48
2023-09-08 16:25:28, 691, 23.34, 80.43
2023-09-08 16:25:33, 691, 23.31, 80.48
2023-09-08 16:25:38, 692, 23.30, 80.46
2023-09-08 16:25:43, 692, 23.33, 80.47
2023-09-08 16:25:48, 692, 23.33, 80.49
2023-09-08 16:25:53, 692, 23.32, 80.43
2023-09-08 16:25:58, 692, 23.31, 80.49
2023-09-08 16:26:03, 692, 23.32, 80.47
2023-09-08 16:26:08, 693, 23.32, 80.47
2023-09-08 16:26:13, 693, 23.32, 80.46
2023-09-08 16:26:18, 694, 23.32, 80.50
2023-09-08 16:26:23, 694, 23.34, 80.53
2023-09-08 16:26:28, 694, 23.31, 80.53
2023-09-08 16:26:33, 695, 23.34, 80.48
2023-09-08 16:26:38, 696, 23.34, 80.50
2023-09-08 16:26:43, 696, 23.34, 80.50
2023-09-08 16:26:48, 697, 23.32, 80.46
2023-09-08 16:26:53, 697, 23.31, 80.50
2023-09-08 16:26:58, 697, 23.35, 80.53
2023-09-08 16:27:03, 698, 23.32, 80.45
2023-09-08 16:27:08, 700, 23.33, 80.50
2023-09-08 16:27:13, 700, 23.32, 80.52
2023-09-08 16:27:18, 701, 23.32, 80.54
2023-09-08 16:27:23, 702, 23.33, 80.50
2023-09-08 16:27:28, 702, 23.32, 80.51
2023-09-08 16:27:33, 702, 23.32, 80.49
2023-09-08 16:27:38, 704, 23.32, 80.50
2023-09-08 16:27:43, 705, 23.32, 80.50
2023-09-08 16:27:48, 706, 23.31, 80.46
2023-09-08 16:27:53, 706, 23.32, 80.52
2023-09-08 16:27:58, 706, 23.32, 80.49
2023-09-08 16:28:03, 707, 23.31, 80.51
2023-09-08 16:28:08, 707, 23.33, 80.52
2023-09-08 16:28:13, 709, 23.32, 80.52
2023-09-08 16:28:18, 710, 23.32, 80.51
2023-09-08 16:28:23, 710, 23.32, 80.49
2023-09-08 16:28:28, 709, 23.33, 80.53
2023-09-08 16:28:33, 710, 23.32, 80.50
2023-09-08 16:28:38, 711, 23.33, 80.52
2023-09-08 16:28:43, 710, 23.30, 80.47
2023-09-08 16:28:48, 711, 23.31, 80.53
2023-09-08 16:28:53, 712, 23.31, 80.51
2023-09-08 16:28:58, 712, 23.31, 80.51
2023-09-08 16:29:03, 711, 23.31, 80.53
2023-09-08 16:29:08, 711, 23.31, 80.52
2023-09-08 16:29:13, 711, 23.32, 80.55
2023-09-08 16:29:18, 711, 23.32, 80.55
2023-09-08 16:29:23, 711, 23.28, 80.51
2023-09-08 16:29:28, 711, 23.31, 80.51
2023-09-08 16:29:33, 711, 23.30, 80.55
2023-09-08 16:29:38, 711, 23.32, 80.53
2023-09-08 16:29:43, 712, 23.31, 80.57
2023-09-08 16:29:48, 713, 23.31, 80.56
2023-09-08 16:29:53, 715, 23.31, 80.48
2023-09-08 16:29:58, 718, 23.32, 80.54
2023-09-08 16:30:03, 719, 23.32, 80.56
2023-09-08 16:30:08, 718, 23.30, 80.53
2023-09-08 16:30:13, 719, 23.34, 80.51
2023-09-08 16:30:18, 719, 23.30, 80.55
2023-09-08 16:30:23, 719, 23.31, 80.53
2023-09-08 16:30:28, 719, 23.32, 80.56
2023-09-08 16:30:33, 718, 23.33, 80.58
2023-09-08 16:30:38, 718, 23.32, 80.55
2023-09-08 16:30:43, 719, 23.31, 80.59
2023-09-08 16:30:48, 719, 23.28, 80.53
2023-09-08 16:30:53, 719, 23.32, 80.56
2023-09-08 16:30:58, 720, 23.31, 80.59
2023-09-08 16:31:03, 720, 23.31, 80.56
2023-09-08 16:31:08, 720, 23.31, 80.54
2023-09-08 16:31:13, 722, 23.34, 80.62
2023-09-08 16:31:18, 722, 23.32, 80.56
2023-09-08 16:31:23, 723, 23.30, 80.58
2023-09-08 16:31:28, 723, 23.31, 80.56
2023-09-08 16:31:33, 723, 23.31, 80.57
2023-09-08 16:31:38, 724, 23.31, 80.56
2023-09-08 16:31:43, 724, 23.30, 80.53
2023-09-08 16:31:48, 725, 23.32, 80.60
2023-09-08 16:31:53, 725, 23.30, 80.62
2023-09-08 16:31:58, 725, 23.31, 80.60
2023-09-08 16:32:03, 726, 23.32, 80.57
2023-09-08 16:32:08, 727, 23.32, 80.60
2023-09-08 16:32:13, 727, 23.32, 80.62
2023-09-08 16:32:18, 728, 23.30, 80.59
2023-09-08 16:32:23, 729, 23.31, 80.62
2023-09-08 16:32:28, 730, 23.30, 80.56
2023-09-08 16:32:33, 732, 23.30, 80.58
2023-09-08 16:32:38, 732, 23.32, 80.61
2023-09-08 16:32:43, 733, 23.31, 80.64
2023-09-08 16:32:48, 734, 23.31, 80.60
2023-09-08 16:32:53, 735, 23.31, 80.62
2023-09-08 16:32:58, 736, 23.31, 80.59
2023-09-08 16:33:03, 736, 23.30, 80.59
2023-09-08 16:33:08, 740, 23.31, 80.61
2023-09-08 16:33:13, 741, 23.32, 80.61
2023-09-08 16:33:18, 744, 23.30, 80.60
2023-09-08 16:33:23, 745, 23.32, 80.68
2023-09-08 16:33:28, 747, 23.31, 80.66
2023-09-08 16:33:33, 746, 23.30, 80.62
2023-09-08 16:33:38, 746, 23.29, 80.59
2023-09-08 16:33:43, 746, 23.32, 80.61
2023-09-08 16:33:48, 747, 23.31, 80.64
2023-09-08 16:33:53, 747, 23.31, 80.60
2023-09-08 16:33:58, 747, 23.31, 80.65
2023-09-08 16:34:03, 747, 23.31, 80.61
2023-09-08 16:34:08, 746, 23.30, 80.63
2023-09-08 16:34:13, 747, 23.30, 80.58
2023-09-08 16:34:19, 748, 23.31, 80.65
2023-09-08 16:34:24, 747, 23.31, 80.63
2023-09-08 16:34:29, 748, 23.30, 80.61
2023-09-08 16:34:34, 747, 23.32, 80.62
2023-09-08 16:34:39, 747, 23.32, 80.62
2023-09-08 16:34:44, 748, 23.30, 80.63
2023-09-08 16:34:49, 748, 23.30, 80.63
2023-09-08 16:34:54, 748, 23.32, 80.66
2023-09-08 16:34:59, 748, 23.30, 80.62
2023-09-08 16:35:04, 749, 23.31, 80.59
2023-09-08 16:35:09, 749, 23.31, 80.65
2023-09-08 16:35:14, 749, 23.30, 80.65
2023-09-08 16:35:19, 750, 23.28, 80.60
2023-09-08 16:35:24, 750, 23.29, 80.63
2023-09-08 16:35:29, 750, 23.31, 80.66
2023-09-08 16:35:34, 750, 23.30, 80.65
2023-09-08 16:35:39, 750, 23.30, 80.66
2023-09-08 16:35:44, 749, 23.30, 80.63
2023-09-08 16:35:49, 749, 23.30, 80.68
2023-09-08 16:35:54, 750, 23.31, 80.62
2023-09-08 16:35:59, 749, 23.32, 80.68
2023-09-08 16:36:04, 750, 23.31, 80.66
2023-09-08 16:36:09, 750, 23.31, 80.60
2023-09-08 16:36:14, 749, 23.31, 80.62
2023-09-08 16:36:19, 750, 23.31, 80.65
2023-09-08 16:36:24, 749, 23.31, 80.63
2023-09-08 16:36:29, 750, 23.30, 80.63
2023-09-08 16:36:34, 751, 23.29, 80.65
2023-09-08 16:36:39, 752, 23.31, 80.66
2023-09-08 16:36:44, 753, 23.31, 80.67
2023-09-08 16:36:49, 755, 23.30, 80.67
2023-09-08 16:36:54, 755, 23.31, 80.68
2023-09-08 16:36:59, 755, 23.31, 80.66
2023-09-08 16:37:04, 755, 23.30, 80.63
2023-09-08 16:37:09, 755, 23.30, 80.63
2023-09-08 16:37:14, 755, 23.32, 80.68
2023-09-08 16:37:19, 756, 23.30, 80.62
2023-09-08 16:37:24, 755, 23.30, 80.63
2023-09-08 16:37:29, 755, 23.33, 80.65
2023-09-08 16:37:34, 755, 23.30, 80.64
2023-09-08 16:37:39, 756, 23.32, 80.67
2023-09-08 16:37:44, 757, 23.31, 80.67
2023-09-08 16:37:49, 757, 23.31, 80.67
2023-09-08 16:37:54, 757, 23.30, 80.62
2023-09-08 16:37:59, 757, 23.31, 80.69
2023-09-08 16:38:04, 758, 23.30, 80.67
2023-09-08 16:38:09, 759, 23.30, 80.64
2023-09-08 16:38:14, 761, 23.31, 80.68
2023-09-08 16:38:19, 760, 23.28, 80.67
2023-09-08 16:38:24, 761, 23.31, 80.67
2023-09-08 16:38:29, 762, 23.31, 80.71
2023-09-08 16:38:34, 761, 23.31, 80.64
2023-09-08 16:38:39, 761, 23.32, 80.72
2023-09-08 16:38:44, 761, 23.30, 80.72
2023-09-08 16:38:49, 761, 23.30, 80.70
2023-09-08 16:38:54, 761, 23.31, 80.73
2023-09-08 16:38:59, 761, 23.32, 80.67
2023-09-08 16:39:04, 762, 23.31, 80.68
2023-09-08 16:39:09, 762, 23.30, 80.71
2023-09-08 16:39:14, 762, 23.31, 80.71
2023-09-08 16:39:19, 763, 23.30, 80.74
2023-09-08 16:39:24, 763, 23.30, 80.69
2023-09-08 16:39:29, 763, 23.29, 80.71
2023-09-08 16:39:34, 765, 23.31, 80.71
2023-09-08 16:39:39, 765, 23.32, 80.69
2023-09-08 16:39:44, 766, 23.32, 80.75
2023-09-08 16:39:49, 767, 23.29, 80.72
2023-09-08 16:39:54, 767, 23.29, 80.73
2023-09-08 16:39:59, 767, 23.31, 80.72
2023-09-08 16:40:04, 767, 23.30, 80.70
2023-09-08 16:40:09, 767, 23.29, 80.71
2023-09-08 16:40:14, 768, 23.30, 80.73
2023-09-08 16:40:19, 767, 23.32, 80.72
2023-09-08 16:40:24, 768, 23.30, 80.74
2023-09-08 16:40:29, 767, 23.31, 80.72
2023-09-08 16:40:34, 767, 23.28, 80.71
2023-09-08 16:40:39, 768, 23.31, 80.73
2023-09-08 16:40:44, 768, 23.32, 80.73
2023-09-08 16:40:49, 768, 23.31, 80.74
2023-09-08 16:40:54, 768, 23.32, 80.76
2023-09-08 16:40:59, 769, 23.30, 80.74
2023-09-08 16:41:04, 769, 23.32, 80.75
2023-09-08 16:41:09, 769, 23.29, 80.72
2023-09-08 16:41:14, 769, 23.31, 80.78
2023-09-08 16:41:19, 769, 23.30, 80.75
2023-09-08 16:41:24, 770, 23.30, 80.76
2023-09-08 16:41:29, 771, 23.30, 80.74
2023-09-08 16:41:34, 773, 23.30, 80.71
2023-09-08 16:41:39, 773, 23.30, 80.78
2023-09-08 16:41:44, 773, 23.29, 80.74
2023-09-08 16:41:49, 774, 23.31, 80.73
2023-09-08 16:41:54, 775, 23.29, 80.74
2023-09-08 16:41:59, 774, 23.30, 80.75
2023-09-08 16:42:04, 777, 23.31, 80.76
2023-09-08 16:42:09, 777, 23.30, 80.76
2023-09-08 16:42:14, 778, 23.30, 80.77
2023-09-08 16:42:19, 780, 23.31, 80.75
2023-09-08 16:42:24, 781, 23.31, 80.75
2023-09-08 16:42:29, 781, 23.32, 80.74
2023-09-08 16:42:34, 781, 23.30, 80.74
2023-09-08 16:42:39, 783, 23.31, 80.73
2023-09-08 16:42:44, 784, 23.30, 80.77
2023-09-08 16:42:49, 784, 23.31, 80.75
2023-09-08 16:42:54, 785, 23.29, 80.76
2023-09-08 16:42:59, 786, 23.30, 80.78
2023-09-08 16:43:04, 787, 23.32, 80.76
2023-09-08 16:43:09, 787, 23.28, 80.79
2023-09-08 16:43:14, 787, 23.28, 80.76
2023-09-08 16:43:19, 788, 23.29, 80.78
2023-09-08 16:43:24, 788, 23.31, 80.81
2023-09-08 16:43:29, 788, 23.30, 80.80
2023-09-08 16:43:34, 788, 23.31, 80.82
2023-09-08 16:43:39, 788, 23.32, 80.81
2023-09-08 16:43:44, 789, 23.30, 80.78
2023-09-08 16:43:49, 788, 23.29, 80.80
2023-09-08 16:43:54, 788, 23.30, 80.76
2023-09-08 16:43:59, 788, 23.30, 80.81
2023-09-08 16:44:04, 789, 23.29, 80.77
2023-09-08 16:44:09, 789, 23.31, 80.80
2023-09-08 16:44:14, 790, 23.30, 80.78
2023-09-08 16:44:19, 792, 23.30, 80.76
2023-09-08 16:44:24, 793, 23.30, 80.78
2023-09-08 16:44:29, 792, 23.32, 80.80
2023-09-08 16:44:34, 793, 23.30, 80.78
2023-09-08 16:44:39, 794, 23.31, 80.81
2023-09-08 16:44:44, 794, 23.28, 80.83
2023-09-08 16:44:49, 794, 23.31, 80.79
2023-09-08 16:44:54, 794, 23.29, 80.81
2023-09-08 16:44:59, 794, 23.31, 80.79
2023-09-08 16:45:04, 794, 23.30, 80.80
2023-09-08 16:45:09, 795, 23.30, 80.79
2023-09-08 16:45:14, 796, 23.30, 80.79
2023-09-08 16:45:19, 795, 23.30, 80.78
2023-09-08 16:45:24, 794, 23.30, 80.77
2023-09-08 16:45:29, 795, 23.30, 80.78
2023-09-08 16:45:34, 795, 23.28, 80.79
2023-09-08 16:45:39, 795, 23.30, 80.82
2023-09-08 16:45:44, 796, 23.29, 80.79
2023-09-08 16:45:49, 796, 23.29, 80.83
2023-09-08 16:45:54, 796, 23.28, 80.79
2023-09-08 16:45:59, 797, 23.30, 80.81
2023-09-08 16:46:04, 797, 23.29, 80.79
2023-09-08 16:46:09, 797, 23.30, 80.80
2023-09-08 16:46:14, 797, 23.30, 80.81
2023-09-08 16:46:19, 799, 23.31, 80.82
2023-09-08 16:46:24, 799, 23.30, 80.81
2023-09-08 16:46:29, 799, 23.30, 80.81
2023-09-08 16:46:34, 798, 23.30, 80.82
2023-09-08 16:46:39, 799, 23.28, 80.82
2023-09-08 16:46:44, 799, 23.30, 80.80
2023-09-08 16:46:49, 798, 23.29, 80.82
2023-09-08 16:46:54, 798, 23.31, 80.83
2023-09-08 16:46:59, 798, 23.30, 80.82
2023-09-08 16:47:04, 798, 23.30, 80.84
2023-09-08 16:47:09, 798, 23.28, 80.80
2023-09-08 16:47:14, 798, 23.31, 80.85
2023-09-08 16:47:19, 799, 23.28, 80.82
2023-09-08 16:47:24, 799, 23.31, 80.80
2023-09-08 16:47:29, 799, 23.30, 80.84
2023-09-08 16:47:34, 801, 23.32, 80.83
2023-09-08 16:47:39, 801, 23.31, 80.81
2023-09-08 16:47:44, 802, 23.31, 80.85
2023-09-08 16:47:49, 803, 23.29, 80.79
2023-09-08 16:47:54, 804, 23.30, 80.83
2023-09-08 16:47:59, 804, 23.30, 80.83
2023-09-08 16:48:04, 805, 23.29, 80.84
2023-09-08 16:48:09, 805, 23.28, 80.83
2023-09-08 16:48:14, 806, 23.29, 80.80
2023-09-08 16:48:19, 807, 23.29, 80.83
2023-09-08 16:48:24, 808, 23.28, 80.83
2023-09-08 16:48:29, 809, 23.27, 80.82
2023-09-08 16:48:34, 809, 23.30, 80.84
2023-09-08 16:48:39, 810, 23.30, 80.86
2023-09-08 16:48:44, 810, 23.30, 80.82
2023-09-08 16:48:49, 811, 23.27, 80.83
2023-09-08 16:48:54, 812, 23.28, 80.86
2023-09-08 16:48:59, 812, 23.29, 80.84
2023-09-08 16:49:04, 813, 23.30, 80.83
2023-09-08 16:49:09, 814, 23.29, 80.85
2023-09-08 16:49:14, 815, 23.29, 80.85
2023-09-08 16:49:19, 815, 23.30, 80.87
2023-09-08 16:49:24, 816, 23.31, 80.88
2023-09-08 16:49:29, 816, 23.28, 80.83
2023-09-08 16:49:34, 816, 23.27, 80.85
2023-09-08 16:49:39, 816, 23.29, 80.86
2023-09-08 16:49:44, 817, 23.31, 80.89
2023-09-08 16:49:49, 818, 23.31, 80.87
2023-09-08 16:49:54, 819, 23.31, 80.88
2023-09-08 16:49:59, 822, 23.30, 80.85
2023-09-08 16:50:04, 823, 23.30, 80.87
2023-09-08 16:50:09, 823, 23.31, 80.87
2023-09-08 16:50:14, 823, 23.29, 80.86
2023-09-08 16:50:19, 824, 23.28, 80.83
2023-09-08 16:50:24, 824, 23.28, 80.85
2023-09-08 16:50:29, 824, 23.30, 80.87
2023-09-08 16:50:34, 825, 23.31, 80.86
2023-09-08 16:50:39, 825, 23.31, 80.85
2023-09-08 16:50:44, 825, 23.30, 80.86
2023-09-08 16:50:49, 826, 23.29, 80.84
2023-09-08 16:50:54, 826, 23.28, 80.86
2023-09-08 16:50:59, 826, 23.30, 80.87
2023-09-08 16:51:04, 826, 23.28, 80.86
2023-09-08 16:51:09, 827, 23.28, 80.84
2023-09-08 16:51:14, 827, 23.29, 80.89
2023-09-08 16:51:19, 826, 23.30, 80.85
2023-09-08 16:51:24, 826, 23.31, 80.86
2023-09-08 16:51:29, 825, 23.29, 80.88
2023-09-08 16:51:34, 826, 23.30, 80.88
2023-09-08 16:51:39, 826, 23.26, 80.90
2023-09-08 16:51:44, 825, 23.29, 80.84
2023-09-08 16:51:49, 826, 23.30, 80.86
2023-09-08 16:51:54, 825, 23.30, 80.87
2023-09-08 16:51:59, 826, 23.29, 80.92
2023-09-08 16:52:04, 825, 23.29, 80.87
2023-09-08 16:52:09, 825, 23.30, 80.90
2023-09-08 16:52:14, 825, 23.30, 80.90
2023-09-08 16:52:19, 824, 23.31, 80.91
2023-09-08 16:52:24, 824, 23.29, 80.89
2023-09-08 16:52:29, 825, 23.30, 80.89
2023-09-08 16:52:34, 827, 23.30, 80.89
2023-09-08 16:52:39, 827, 23.30, 80.87
2023-09-08 16:52:44, 828, 23.30, 80.88
2023-09-08 16:52:49, 828, 23.31, 80.93
2023-09-08 16:52:54, 828, 23.30, 80.92
2023-09-08 16:52:59, 829, 23.31, 80.91
2023-09-08 16:53:04, 829, 23.29, 80.87
2023-09-08 16:53:09, 831, 23.30, 80.90
2023-09-08 16:53:14, 832, 23.30, 80.89
2023-09-08 16:53:19, 832, 23.29, 80.89
2023-09-08 16:53:24, 832, 23.29, 80.93
2023-09-08 16:53:29, 832, 23.28, 80.91
2023-09-08 16:53:34, 832, 23.31, 80.91
2023-09-08 16:53:39, 831, 23.31, 80.91
2023-09-08 16:53:44, 831, 23.30, 80.89
2023-09-08 16:53:49, 831, 23.30, 80.88
2023-09-08 16:53:54, 832, 23.32, 80.87
2023-09-08 16:53:59, 833, 23.30, 80.92
2023-09-08 16:54:04, 833, 23.30, 80.93
2023-09-08 16:54:09, 833, 23.31, 80.89
2023-09-08 16:54:14, 834, 23.30, 80.91
2023-09-08 16:54:19, 834, 23.31, 80.90
2023-09-08 16:54:24, 837, 23.29, 80.93
2023-09-08 16:54:29, 837, 23.29, 80.94
2023-09-08 16:54:34, 836, 23.28, 80.89
2023-09-08 16:54:39, 836, 23.32, 80.94
2023-09-08 16:54:44, 836, 23.30, 80.94
2023-09-08 16:54:49, 836, 23.31, 80.92
2023-09-08 16:54:54, 836, 23.29, 80.92
2023-09-08 16:54:59, 837, 23.28, 80.90
2023-09-08 16:55:04, 837, 23.30, 80.93
2023-09-08 16:55:09, 837, 23.30, 80.89
2023-09-08 16:55:14, 837, 23.28, 80.93
2023-09-08 16:55:19, 837, 23.29, 80.94
2023-09-08 16:55:24, 837, 23.28, 80.89
2023-09-08 16:55:29, 838, 23.30, 80.97
2023-09-08 16:55:34, 838, 23.29, 80.94
2023-09-08 16:55:39, 838, 23.27, 80.96
2023-09-08 16:55:44, 838, 23.28, 80.92
2023-09-08 16:55:49, 838, 23.28, 80.94
2023-09-08 16:55:54, 838, 23.28, 80.91
2023-09-08 16:55:59, 838, 23.30, 80.96
2023-09-08 16:56:04, 839, 23.28, 80.92
2023-09-08 16:56:09, 839, 23.30, 80.96
2023-09-08 16:56:14, 840, 23.29, 80.94
2023-09-08 16:56:19, 840, 23.30, 80.95
2023-09-08 16:56:24, 840, 23.28, 80.93
2023-09-08 16:56:29, 840, 23.29, 80.95
2023-09-08 16:56:34, 840, 23.31, 80.95
2023-09-08 16:56:39, 841, 23.30, 80.98
2023-09-08 16:56:44, 841, 23.32, 80.95
2023-09-08 16:56:49, 843, 23.30, 80.99
2023-09-08 16:56:54, 842, 23.30, 80.95
2023-09-08 16:56:59, 842, 23.30, 80.96
2023-09-08 16:57:04, 842, 23.30, 80.96
2023-09-08 16:57:09, 842, 23.29, 80.94
2023-09-08 16:57:14, 843, 23.29, 80.97
2023-09-08 16:57:20, 843, 23.30, 80.95
2023-09-08 16:57:25, 844, 23.30, 81.00
2023-09-08 16:57:30, 845, 23.30, 80.95
2023-09-08 16:57:35, 845, 23.30, 80.95
2023-09-08 16:57:40, 845, 23.30, 80.98
2023-09-08 16:57:45, 846, 23.30, 80.95
2023-09-08 16:57:50, 847, 23.30, 80.94
2023-09-08 16:57:55, 848, 23.30, 80.97
2023-09-08 16:58:00, 849, 23.29, 80.96
2023-09-08 16:58:05, 849, 23.30, 81.00
2023-09-08 16:58:10, 849, 23.31, 80.98
2023-09-08 16:58:15, 849, 23.29, 80.98
2023-09-08 16:58:20, 849, 23.29, 80.96
2023-09-08 16:58:25, 848, 23.29, 80.98
2023-09-08 16:58:30, 848, 23.29, 80.99
2023-09-08 16:58:35, 848, 23.30, 80.98
2023-09-08 16:58:40, 848, 23.31, 80.97
2023-09-08 16:58:45, 848, 23.28, 81.00
2023-09-08 16:58:50, 849, 23.30, 80.95
2023-09-08 16:58:55, 849, 23.31, 81.00
2023-09-08 16:59:00, 849, 23.27, 80.95
2023-09-08 16:59:05, 849, 23.30, 80.99
2023-09-08 16:59:10, 849, 23.30, 81.01
2023-09-08 16:59:15, 849, 23.32, 81.00
2023-09-08 16:59:20, 850, 23.30, 81.00
2023-09-08 16:59:25, 850, 23.31, 80.99
2023-09-08 16:59:30, 850, 23.28, 80.98
2023-09-08 16:59:35, 850, 23.30, 81.00
2023-09-08 16:59:40, 850, 23.30, 80.99
2023-09-08 16:59:45, 850, 23.31, 80.98
2023-09-08 16:59:50, 849, 23.31, 80.98
2023-09-08 16:59:55, 850, 23.30, 81.03
2023-09-08 17:00:00, 850, 23.29, 80.98
2023-09-08 17:00:05, 850, 23.29, 80.99
2023-09-08 17:00:10, 850, 23.30, 80.99
2023-09-08 17:00:15, 850, 23.29, 81.00
2023-09-08 17:00:20, 851, 23.30, 81.01
2023-09-08 17:00:25, 852, 23.29, 80.99
2023-09-08 17:00:30, 852, 23.30, 80.98
2023-09-08 17:00:35, 852, 23.30, 81.00
2023-09-08 17:00:40, 853, 23.31, 81.02
2023-09-08 17:00:45, 853, 23.30, 80.99
2023-09-08 17:00:50, 853, 23.29, 81.01
2023-09-08 17:00:55, 853, 23.31, 80.99
2023-09-08 17:01:00, 854, 23.28, 80.99
2023-09-08 17:01:05, 854, 23.29, 81.00
2023-09-08 17:01:10, 854, 23.30, 80.99
2023-09-08 17:01:15, 854, 23.31, 80.98
2023-09-08 17:01:20, 854, 23.29, 81.01
2023-09-08 17:01:25, 854, 23.31, 81.03
2023-09-08 17:01:30, 854, 23.30, 81.03
2023-09-08 17:01:35, 854, 23.31, 80.98
2023-09-08 17:01:40, 854, 23.29, 81.04
2023-09-08 17:01:45, 855, 23.28, 81.05
2023-09-08 17:01:50, 855, 23.30, 80.99
2023-09-08 17:01:55, 855, 23.29, 81.08
2023-09-08 17:02:00, 856, 23.28, 81.02
2023-09-08 17:02:05, 858, 23.30, 81.02
2023-09-08 17:02:10, 859, 23.33, 81.07
2023-09-08 17:02:15, 860, 23.31, 81.06
2023-09-08 17:02:20, 860, 23.31, 81.05
2023-09-08 17:02:25, 860, 23.29, 81.03
2023-09-08 17:02:30, 860, 23.31, 81.05
2023-09-08 17:02:35, 862, 23.28, 81.05
2023-09-08 17:02:40, 862, 23.29, 81.06
2023-09-08 17:02:45, 863, 23.28, 81.05
2023-09-08 17:02:50, 864, 23.29, 81.08
2023-09-08 17:02:55, 863, 23.29, 81.06
2023-09-08 17:03:00, 863, 23.28, 81.04
2023-09-08 17:03:05, 864, 23.30, 81.07
2023-09-08 17:03:10, 864, 23.31, 81.05
2023-09-08 17:03:15, 865, 23.30, 81.05
2023-09-08 17:03:20, 865, 23.30, 81.00
2023-09-08 17:03:25, 865, 23.31, 81.07
2023-09-08 17:03:30, 866, 23.32, 81.07
2023-09-08 17:03:35, 866, 23.29, 81.10
2023-09-08 17:03:40, 868, 23.31, 81.05
2023-09-08 17:03:45, 868, 23.32, 81.05
2023-09-08 17:03:50, 868, 23.31, 81.07
2023-09-08 17:03:55, 868, 23.32, 81.11
2023-09-08 17:04:00, 869, 23.29, 81.06
2023-09-08 17:04:05, 869, 23.30, 81.05
2023-09-08 17:04:10, 869, 23.31, 81.11
2023-09-08 17:04:15, 870, 23.32, 81.05
2023-09-08 17:04:20, 871, 23.31, 81.08
2023-09-08 17:04:25, 873, 23.30, 81.10
2023-09-08 17:04:30, 875, 23.28, 81.10
2023-09-08 17:04:35, 875, 23.31, 81.09
2023-09-08 17:04:40, 876, 23.29, 81.04
2023-09-08 17:04:45, 877, 23.31, 81.10
2023-09-08 17:04:50, 877, 23.30, 81.08
2023-09-08 17:04:55, 878, 23.32, 81.12
2023-09-08 17:05:00, 879, 23.30, 81.09
2023-09-08 17:05:05, 879, 23.30, 81.08
2023-09-08 17:05:10, 879, 23.32, 81.11
2023-09-08 17:05:15, 880, 23.30, 81.12
2023-09-08 17:05:20, 883, 23.30, 81.08
2023-09-08 17:05:25, 884, 23.30, 81.09
2023-09-08 17:05:30, 884, 23.30, 81.11
2023-09-08 17:05:35, 884, 23.32, 81.11
2023-09-08 17:05:40, 884, 23.30, 81.13
2023-09-08 17:05:45, 885, 23.30, 81.15
2023-09-08 17:05:50, 885, 23.30, 81.10
2023-09-08 17:05:55, 885, 23.30, 81.10
2023-09-08 17:06:00, 885, 23.30, 81.13
2023-09-08 17:06:05, 885, 23.31, 81.11
2023-09-08 17:06:10, 884, 23.31, 81.14
2023-09-08 17:06:15, 885, 23.31, 81.14
2023-09-08 17:06:20, 885, 23.31, 81.11
2023-09-08 17:06:25, 884, 23.30, 81.09
2023-09-08 17:06:30, 885, 23.30, 81.11
2023-09-08 17:06:35, 885, 23.32, 81.14
2023-09-08 17:06:40, 885, 23.29, 81.07
2023-09-08 17:06:45, 887, 23.31, 81.12
2023-09-08 17:06:50, 886, 23.31, 81.10
2023-09-08 17:06:55, 887, 23.30, 81.12
2023-09-08 17:07:00, 887, 23.31, 81.13
2023-09-08 17:07:05, 888, 23.31, 81.11
2023-09-08 17:07:10, 888, 23.31, 81.11
2023-09-08 17:07:15, 888, 23.31, 81.08
2023-09-08 17:07:20, 888, 23.31, 81.15
2023-09-08 17:07:25, 889, 23.31, 81.13
2023-09-08 17:07:30, 889, 23.30, 81.11
2023-09-08 17:07:35, 889, 23.30, 81.11
2023-09-08 17:07:40, 889, 23.30, 81.14
2023-09-08 17:07:45, 890, 23.31, 81.10
2023-09-08 17:07:50, 890, 23.30, 81.09
2023-09-08 17:07:55, 891, 23.30, 81.10
2023-09-08 17:08:00, 892, 23.31, 81.13
2023-09-08 17:08:05, 892, 23.31, 81.13
2023-09-08 17:08:10, 893, 23.31, 81.10
2023-09-08 17:08:15, 893, 23.31, 81.16
2023-09-08 17:08:20, 893, 23.31, 81.15
2023-09-08 17:08:25, 894, 23.32, 81.14
2023-09-08 17:08:30, 894, 23.31, 81.12
2023-09-08 17:08:35, 895, 23.30, 81.12
2023-09-08 17:08:40, 895, 23.31, 81.13
2023-09-08 17:08:45, 897, 23.30, 81.11
2023-09-08 17:08:50, 897, 23.31, 81.14
2023-09-08 17:08:55, 898, 23.31, 81.12
2023-09-08 17:09:00, 898, 23.29, 81.12
2023-09-08 17:09:05, 898, 23.30, 81.17
2023-09-08 17:09:10, 899, 23.31, 81.18
2023-09-08 17:09:15, 899, 23.30, 81.14
2023-09-08 17:09:20, 898, 23.33, 81.16
2023-09-08 17:09:25, 899, 23.32, 81.14
2023-09-08 17:09:30, 899, 23.30, 81.14
2023-09-08 17:09:35, 900, 23.31, 81.16
2023-09-08 17:09:40, 902, 23.28, 81.14
2023-09-08 17:09:45, 903, 23.31, 81.19
2023-09-08 17:09:50, 903, 23.30, 81.14
2023-09-08 17:09:55, 903, 23.30, 81.15
2023-09-08 17:10:00, 905, 23.30, 81.15
2023-09-08 17:10:05, 905, 23.31, 81.18
2023-09-08 17:10:10, 905, 23.31, 81.14
2023-09-08 17:10:15, 905, 23.34, 81.17
2023-09-08 17:10:20, 905, 23.32, 81.17
2023-09-08 17:10:25, 906, 23.32, 81.16
2023-09-08 17:10:30, 907, 23.33, 81.21
2023-09-08 17:10:35, 907, 23.31, 81.16
2023-09-08 17:10:40, 907, 23.30, 81.17
2023-09-08 17:10:45, 908, 23.32, 81.19
2023-09-08 17:10:50, 908, 23.30, 81.21
2023-09-08 17:10:55, 908, 23.31, 81.18
2023-09-08 17:11:00, 908, 23.31, 81.20
2023-09-08 17:11:05, 909, 23.34, 81.19
2023-09-08 17:11:10, 910, 23.31, 81.19
2023-09-08 17:11:15, 912, 23.30, 81.17
2023-09-08 17:11:20, 912, 23.31, 81.19
2023-09-08 17:11:25, 913, 23.30, 81.18
2023-09-08 17:11:30, 914, 23.32, 81.20
2023-09-08 17:11:35, 915, 23.32, 81.22
2023-09-08 17:11:40, 916, 23.29, 81.16
2023-09-08 17:11:45, 917, 23.32, 81.21
2023-09-08 17:11:50, 918, 23.30, 81.18
2023-09-08 17:11:55, 920, 23.30, 81.20
2023-09-08 17:12:00, 920, 23.32, 81.18
2023-09-08 17:12:05, 920, 23.29, 81.22
2023-09-08 17:12:10, 920, 23.31, 81.20
2023-09-08 17:12:15, 921, 23.28, 81.22
2023-09-08 17:12:20, 921, 23.31, 81.20
2023-09-08 17:12:25, 921, 23.29, 81.23
2023-09-08 17:12:30, 921, 23.32, 81.24
2023-09-08 17:12:35, 922, 23.30, 81.20
2023-09-08 17:12:40, 922, 23.32, 81.24
2023-09-08 17:12:45, 922, 23.30, 81.18
2023-09-08 17:12:50, 922, 23.29, 81.17
2023-09-08 17:12:55, 923, 23.30, 81.19
2023-09-08 17:13:00, 922, 23.32, 81.25
2023-09-08 17:13:05, 922, 23.29, 81.21
2023-09-08 17:13:10, 922, 23.30, 81.21
2023-09-08 17:13:15, 922, 23.32, 81.20
2023-09-08 17:13:20, 922, 23.32, 81.26
2023-09-08 17:13:25, 924, 23.34, 81.22
2023-09-08 17:13:30, 923, 23.31, 81.22
2023-09-08 17:13:35, 925, 23.28, 81.22
2023-09-08 17:13:40, 926, 23.30, 81.22
2023-09-08 17:13:45, 926, 23.33, 81.22
2023-09-08 17:13:50, 927, 23.30, 81.27
2023-09-08 17:13:55, 927, 23.31, 81.27
2023-09-08 17:14:00, 928, 23.31, 81.24
2023-09-08 17:14:05, 928, 23.32, 81.22
2023-09-08 17:14:10, 928, 23.31, 81.20
2023-09-08 17:14:15, 929, 23.30, 81.25
2023-09-08 17:14:20, 929, 23.32, 81.24
2023-09-08 17:14:25, 930, 23.31, 81.27
2023-09-08 17:14:30, 930, 23.31, 81.25
2023-09-08 17:14:35, 930, 23.31, 81.25
2023-09-08 17:14:40, 930, 23.32, 81.25
2023-09-08 17:14:45, 930, 23.31, 81.25
2023-09-08 17:14:50, 930, 23.31, 81.21
2023-09-08 17:14:55, 930, 23.32, 81.25
2023-09-08 17:15:00, 931, 23.32, 81.26
2023-09-08 17:15:05, 931, 23.30, 81.25
2023-09-08 17:15:10, 931, 23.31, 81.22
2023-09-08 17:15:15, 932, 23.30, 81.27
2023-09-08 17:15:20, 932, 23.31, 81.24
2023-09-08 17:15:25, 933, 23.31, 81.27
2023-09-08 17:15:30, 933, 23.29, 81.27
2023-09-08 17:15:35, 933, 23.34, 81.29
2023-09-08 17:15:40, 933, 23.31, 81.29
2023-09-08 17:15:45, 933, 23.30, 81.31
2023-09-08 17:15:50, 934, 23.31, 81.27
2023-09-08 17:15:55, 934, 23.32, 81.29
2023-09-08 17:16:00, 934, 23.30, 81.27
2023-09-08 17:16:05, 934, 23.30, 81.25
2023-09-08 17:16:10, 934, 23.31, 81.29
2023-09-08 17:16:15, 935, 23.30, 81.28
2023-09-08 17:16:20, 936, 23.32, 81.32
2023-09-08 17:16:25, 935, 23.29, 81.27
2023-09-08 17:16:30, 935, 23.31, 81.28
2023-09-08 17:16:35, 936, 23.30, 81.29
2023-09-08 17:16:40, 937, 23.31, 81.28
2023-09-08 17:16:45, 937, 23.30, 81.31
2023-09-08 17:16:50, 937, 23.30, 81.27
2023-09-08 17:16:55, 937, 23.31, 81.26
2023-09-08 17:17:00, 937, 23.31, 81.29
2023-09-08 17:17:05, 937, 23.29, 81.27
2023-09-08 17:17:10, 938, 23.29, 81.24
2023-09-08 17:17:15, 938, 23.32, 81.28
2023-09-08 17:17:20, 939, 23.30, 81.30
2023-09-08 17:17:25, 939, 23.30, 81.25
2023-09-08 17:17:30, 939, 23.30, 81.30
2023-09-08 17:17:35, 939, 23.30, 81.29
2023-09-08 17:17:40, 939, 23.30, 81.30
2023-09-08 17:17:45, 940, 23.30, 81.31
2023-09-08 17:17:50, 940, 23.29, 81.29
2023-09-08 17:17:55, 941, 23.31, 81.31
2023-09-08 17:18:00, 941, 23.30, 81.33
2023-09-08 17:18:05, 941, 23.31, 81.29
2023-09-08 17:18:10, 942, 23.32, 81.33
2023-09-08 17:18:15, 942, 23.32, 81.30
2023-09-08 17:18:20, 943, 23.31, 81.29
2023-09-08 17:18:25, 943, 23.32, 81.30
2023-09-08 17:18:30, 943, 23.31, 81.30
2023-09-08 17:18:35, 942, 23.30, 81.28
2023-09-08 17:18:40, 943, 23.30, 81.33
2023-09-08 17:18:45, 944, 23.31, 81.30
2023-09-08 17:18:50, 944, 23.32, 81.32
2023-09-08 17:18:55, 945, 23.30, 81.32
2023-09-08 17:19:00, 946, 23.29, 81.30
2023-09-08 17:19:05, 946, 23.30, 81.30
2023-09-08 17:19:10, 947, 23.30, 81.34
2023-09-08 17:19:15, 947, 23.31, 81.32
